{"cameraMode":{"drawMode":0,"name":"Shaded","section":"Shading Mode"},"sceneLighting":true,"audioPlay":false,"sceneViewState":{"showFog":true,"showMaterialUpdate":true,"showSkybox":true,"showFlares":true,"showImageEffects":true,"showParticleSystems":true},"in2DMode":false,"pivot":{"x":-91.24296569824219,"y":-10.395500183105469,"z":-334.6310119628906},"rotation":{"x":0.0028356341645121576,"y":0.9825809597969055,"z":-0.015044184401631356,"w":0.18520356714725495},"size":730.89501953125,"orthographic":false}