{"cameraMode":{"drawMode":0,"name":"Shaded","section":"Shading Mode"},"sceneLighting":false,"audioPlay":false,"sceneViewState":{"showFog":true,"showMaterialUpdate":true,"showSkybox":true,"showFlares":true,"showImageEffects":true,"showParticleSystems":true},"in2DMode":false,"pivot":{"x":108.36891174316406,"y":-48.13977813720703,"z":-75.3689193725586},"rotation":{"x":0.0028356341645121576,"y":0.9825809597969055,"z":-0.015044184401631356,"w":0.18520356714725495},"size":2.8578836917877199,"orthographic":false}